City_ID,City,Lat,Lng,Max Temp,Humidity,Cloudiness,Wind Speed,Country,Date
0,New Norfolk,-42.7826,147.0587,51.01,85,97,1.01,AU,2021-04-23 20:42:26
1,Ushuaia,-54.8,-68.3,42.8,87,75,2.3,AR,2021-04-23 20:39:45
2,Nemuro,43.3236,145.575,38.66,84,100,14.34,JP,2021-04-23 20:42:26
3,Atuona,-9.8,-139.0333,80.11,80,28,22.08,PF,2021-04-23 20:41:47
4,Yerbogachen,61.2767,108.0108,27.82,87,95,6.49,RU,2021-04-23 20:42:26
5,Merauke,-8.4667,140.3333,77.47,88,74,5.64,ID,2021-04-23 20:42:27
6,Narasannapeta,18.4167,84.05,79.41,84,98,2.62,IN,2021-04-23 20:42:27
7,Bredasdorp,-34.5322,20.0403,50.0,93,99,4.61,ZA,2021-04-23 20:42:27
8,Lampang,18.3333,99.5,87.01,67,36,2.75,TH,2021-04-23 20:42:28
9,Ilulissat,69.2167,-51.1,35.6,69,100,3.44,GL,2021-04-23 20:42:28
10,Santa Isabel Do Rio Negro,-0.4139,-65.0192,82.78,79,72,3.67,BR,2021-04-23 20:42:28
11,Albany,42.6001,-73.9662,60.01,20,5,4.0,US,2021-04-23 20:38:17
12,Temnikov,54.6302,43.2148,46.0,79,43,6.04,RU,2021-04-23 20:42:29
13,Prince George,53.9166,-122.753,52.0,21,1,5.75,CA,2021-04-23 20:40:06
14,Jamestown,42.097,-79.2353,53.6,32,1,16.11,US,2021-04-23 20:42:29
15,Bambous Virieux,-20.3428,57.7575,78.8,78,75,10.36,MU,2021-04-23 20:42:30
16,Sitka,57.0531,-135.33,57.2,26,1,4.61,US,2021-04-23 20:42:30
17,Alofi,-19.0595,-169.9187,80.6,94,40,4.61,NU,2021-04-23 20:42:30
18,Morondava,-20.2833,44.2833,76.44,80,0,8.55,MG,2021-04-23 20:42:31
19,Hermanus,-34.4187,19.2345,60.01,82,99,4.41,ZA,2021-04-23 20:39:17
20,Krasnoselkup,65.7,82.4667,29.57,88,90,17.22,RU,2021-04-23 20:42:31
21,Tasiilaq,65.6145,-37.6368,39.2,45,90,5.75,GL,2021-04-23 20:42:32
22,Mataura,-46.1927,168.8643,45.0,95,53,1.01,NZ,2021-04-23 20:42:32
23,Norman Wells,65.282,-126.8329,30.2,40,40,11.5,CA,2021-04-23 20:42:32
24,Yazykovo,55.2199,56.1353,44.38,93,100,6.22,RU,2021-04-23 20:42:34
25,Lebu,-37.6167,-73.65,57.76,81,41,7.87,CL,2021-04-23 20:42:34
26,San Patricio,28.017,-97.5169,84.2,74,75,21.85,US,2021-04-23 20:42:34
27,Butaritari,3.0707,172.7902,82.51,75,92,10.85,KI,2021-04-23 20:42:35
28,Vila Velha,-20.3297,-40.2925,78.8,65,20,5.75,BR,2021-04-23 20:40:06
29,Vaini,-21.2,-175.2,80.6,89,20,2.3,TO,2021-04-23 20:42:35
30,Aleksandrov Gay,50.147,48.5704,46.4,93,100,5.39,RU,2021-04-23 20:42:36
31,Hobart,-42.8794,147.3294,51.8,71,40,11.5,AU,2021-04-23 20:41:08
32,Rikitea,-23.1203,-134.9692,79.09,67,100,17.78,PF,2021-04-23 20:42:36
33,Nikolskoye,59.7035,30.7861,41.0,75,75,6.71,RU,2021-04-23 20:42:37
34,Mount Gambier,-37.8333,140.7667,48.2,100,40,9.22,AU,2021-04-23 20:42:37
35,Vila Franca Do Campo,37.7167,-25.4333,59.0,72,40,17.27,PT,2021-04-23 20:42:38
36,Puerto Ayora,-0.7393,-90.3518,84.2,70,20,16.11,EC,2021-04-23 20:42:38
37,Kapaa,22.0752,-159.319,80.6,61,40,14.97,US,2021-04-23 20:42:39
38,Cape Town,-33.9258,18.4232,61.0,94,0,3.44,ZA,2021-04-23 20:41:19
39,Provideniya,64.3833,-173.3,39.0,60,89,3.78,RU,2021-04-23 20:42:39
40,Juegang,32.3174,121.1855,57.87,97,100,5.79,CN,2021-04-23 20:42:40
41,Kruisfontein,-34.0033,24.7314,60.01,87,5,3.0,ZA,2021-04-23 20:42:40
42,Upernavik,72.7868,-56.1549,32.94,77,100,6.42,GL,2021-04-23 20:42:40
43,Clyde River,70.4692,-68.5914,19.4,100,90,5.75,CA,2021-04-23 20:42:40
44,Nuuk,64.1835,-51.7216,32.0,86,90,2.3,GL,2021-04-23 20:42:41
45,Dikson,73.5069,80.5464,32.14,97,100,19.01,RU,2021-04-23 20:42:41
46,Mar Del Plata,-38.0023,-57.5575,75.2,64,75,6.91,AR,2021-04-23 20:42:42
47,Georgetown,5.4112,100.3354,79.0,89,40,3.44,MY,2021-04-23 20:42:42
48,Codrington,-38.2667,141.9667,53.11,88,100,7.52,AU,2021-04-23 20:42:42
49,Trinidad,-14.8333,-64.9,86.0,74,75,9.22,BO,2021-04-23 20:42:43
50,Punta Arenas,-53.15,-70.9167,50.0,87,75,5.75,CL,2021-04-23 20:39:37
51,Palembang,-2.9167,104.7458,73.29,96,38,3.2,ID,2021-04-23 20:42:43
52,Senador Jose Porfirio,-2.5908,-51.9542,80.08,82,60,1.52,BR,2021-04-23 20:42:43
53,Cayenne,4.9333,-52.3333,78.01,94,90,3.44,GF,2021-04-23 20:42:44
54,Lata,40.1629,-8.3327,61.0,94,40,6.91,PT,2021-04-23 20:42:44
55,Hurghada,27.2574,33.8129,78.8,29,0,13.8,EG,2021-04-23 20:42:45
56,Arraial Do Cabo,-22.9661,-42.0278,75.2,78,0,19.57,BR,2021-04-23 20:42:45
57,Praia Da Vitoria,38.7333,-27.0667,59.0,67,40,35.05,PT,2021-04-23 20:42:45
58,Saldanha,-33.0117,17.9442,59.0,77,77,5.75,ZA,2021-04-23 20:42:46
59,Busselton,-33.65,115.3333,62.01,74,99,5.93,AU,2021-04-23 20:42:46
60,Tignere,7.3667,12.65,68.59,85,100,0.89,CM,2021-04-23 20:42:46
61,Anadyr,64.75,177.4833,12.2,92,0,6.71,RU,2021-04-23 20:42:47
62,Kodiak,57.79,-152.4072,39.2,87,90,9.22,US,2021-04-23 20:42:47
63,Yaring,6.8662,101.3689,78.76,82,89,10.4,TH,2021-04-23 20:42:47
64,Talnakh,69.4865,88.3972,31.51,97,100,10.27,RU,2021-04-23 20:42:48
65,Inta,66.0317,60.1659,35.24,91,92,10.25,RU,2021-04-23 20:42:49
66,Acajutla,13.5928,-89.8275,93.2,31,20,9.8,SV,2021-04-23 20:37:57
67,Aklavik,68.2191,-135.0107,33.8,51,75,4.61,CA,2021-04-23 20:42:49
68,Cockburn Town,21.4612,-71.1419,82.4,65,40,9.22,TC,2021-04-23 20:42:50
69,Guerrero Negro,27.9769,-114.0611,65.3,58,17,20.85,MX,2021-04-23 20:42:50
70,Tangzhai,34.4328,116.5911,53.42,84,100,9.08,CN,2021-04-23 20:42:50
71,Port Elizabeth,-33.918,25.5701,62.6,88,40,9.22,ZA,2021-04-23 20:42:51
72,Yellowknife,62.456,-114.3525,16.0,53,75,11.5,CA,2021-04-23 20:41:56
73,Zhangjiakou,40.81,114.8794,51.15,82,1,3.09,CN,2021-04-23 20:42:51
74,Tuatapere,-46.1333,167.6833,45.0,95,98,1.01,NZ,2021-04-23 20:42:52
75,Sept-Iles,50.2001,-66.3821,39.0,87,83,5.75,CA,2021-04-23 20:38:39
76,Shingu,33.7333,135.9833,57.38,72,100,2.93,JP,2021-04-23 20:42:52
77,Turinsk,58.0458,63.696,46.51,76,100,6.29,RU,2021-04-23 20:42:52
78,Uruguaiana,-29.7547,-57.0883,84.2,51,20,6.91,BR,2021-04-23 20:42:53
79,Luderitz,-26.6481,15.1594,63.63,80,46,8.39,NA,2021-04-23 20:42:53
80,San Policarpo,12.1791,125.5072,76.71,87,100,5.91,PH,2021-04-23 20:42:54
81,East London,-33.0153,27.9116,65.05,76,10,10.63,ZA,2021-04-23 20:42:54
82,Bethel,41.3712,-73.414,63.0,21,1,17.27,US,2021-04-23 20:39:30
83,Broken Hill,-31.95,141.4333,48.2,76,61,7.92,AU,2021-04-23 20:42:55
84,Dhadar,28.3305,75.0632,75.88,41,0,6.85,IN,2021-04-23 20:42:55
85,Aloleng,16.1307,119.7824,77.81,80,38,8.43,PH,2021-04-23 20:42:55
86,Verkhoyansk,67.5447,133.385,2.35,97,91,2.08,RU,2021-04-23 20:42:56
87,Paraiso,9.8383,-83.8656,80.6,61,40,19.57,CR,2021-04-23 20:42:57
88,Linxia,35.6003,103.2064,47.3,86,100,7.36,CN,2021-04-23 20:42:57
89,Havre-Saint-Pierre,50.2334,-63.5986,37.4,87,90,12.66,CA,2021-04-23 20:42:58
90,Rio Grande City,26.3798,-98.8203,93.99,58,65,4.0,US,2021-04-23 20:42:58
91,Valavanur,11.9209,79.5824,81.81,78,99,5.86,IN,2021-04-23 20:42:59
92,Hilo,19.7297,-155.09,75.2,78,90,4.61,US,2021-04-23 20:42:59
93,Ballina,-28.8667,153.5667,52.0,93,3,6.55,AU,2021-04-23 20:43:00
94,Port Alfred,-33.5906,26.891,66.51,73,0,21.39,ZA,2021-04-23 20:43:00
95,Gbadolite,4.2833,21.0167,68.09,93,100,2.73,CD,2021-04-23 20:43:01
96,Rock Sound,24.9,-76.2,76.24,70,42,17.81,BS,2021-04-23 20:43:01
97,Sioux Lookout,50.1001,-91.917,37.4,56,75,6.91,CA,2021-04-23 20:42:15
98,Jawhar,2.7809,45.5005,81.05,75,62,8.01,SO,2021-04-23 20:43:02
99,Hailey,43.5196,-114.3153,55.99,32,40,11.5,US,2021-04-23 20:43:02
100,Codajas,-3.8367,-62.0569,79.93,93,84,0.2,BR,2021-04-23 20:43:03
101,Yala,6.3333,101.25,74.75,89,93,3.85,TH,2021-04-23 20:43:03
102,Barrow,71.2906,-156.7887,17.6,79,1,6.91,US,2021-04-23 20:43:03
103,Pevek,69.7008,170.3133,10.36,91,52,4.36,RU,2021-04-23 20:43:04
104,Airai,-8.9266,125.4092,57.18,88,25,2.64,TL,2021-04-23 20:43:04
105,Sao Filipe,14.8961,-24.4956,72.34,73,47,10.07,CV,2021-04-23 20:43:05
106,Baruun-Urt,46.6806,113.2792,34.75,38,53,11.97,MN,2021-04-23 20:43:05
107,Selu,19.4667,76.4667,85.71,40,100,4.65,IN,2021-04-23 20:43:05
108,Iskar,43.45,24.2667,51.8,62,75,9.22,BG,2021-04-23 20:43:06
109,Komsomolskiy,40.4272,71.7189,55.4,50,5,6.91,UZ,2021-04-23 20:43:06
110,Susanino,58.1461,41.5872,45.63,89,43,9.91,RU,2021-04-23 20:43:06
111,Chiredzi,-21.05,31.6667,65.01,56,0,4.88,ZW,2021-04-23 20:43:07
112,Qaanaaq,77.484,-69.3632,23.31,82,100,5.19,GL,2021-04-23 20:43:07
113,Batemans Bay,-35.7167,150.1833,50.0,82,11,5.14,AU,2021-04-23 20:43:07
114,Walvis Bay,-22.9575,14.5053,64.4,68,6,2.3,NA,2021-04-23 20:43:08
115,Jinxiang,27.4327,120.6062,64.11,95,73,5.75,CN,2021-04-23 20:43:08
116,Carnarvon,-24.8667,113.6333,62.6,88,0,5.75,AU,2021-04-23 20:43:08
117,Kamogawa,35.1,140.1,53.01,76,40,6.91,JP,2021-04-23 20:43:09
118,Port Hedland,-20.3167,118.5667,64.4,55,0,3.44,AU,2021-04-23 20:43:09
119,Souillac,-20.5167,57.5167,78.8,78,75,10.36,MU,2021-04-23 20:43:09
120,Darnah,32.767,22.6367,65.89,58,45,17.34,LY,2021-04-23 20:43:10
121,Lang Son,21.8333,106.7333,75.02,90,100,3.85,VN,2021-04-23 20:43:10
122,Mango,27.9797,-82.3065,86.0,48,75,5.75,US,2021-04-23 20:43:11
123,Tashtagol,52.7657,87.8894,23.74,95,39,1.32,RU,2021-04-23 20:43:11
124,Lazaro Cardenas,17.9583,-102.2,85.5,45,97,11.61,MX,2021-04-23 20:43:12
125,Santa Maria,-29.6842,-53.8069,82.4,39,20,8.05,BR,2021-04-23 20:43:14
126,Bilma,18.6853,12.9164,91.45,9,36,9.73,NE,2021-04-23 20:43:14
127,Nishihara,26.1842,127.7558,68.0,83,75,16.11,JP,2021-04-23 20:43:14
128,Bluff,-46.6,168.3333,45.0,95,76,1.01,NZ,2021-04-23 20:43:15
129,Lavrentiya,65.5833,-171.0,32.47,74,29,0.96,RU,2021-04-23 20:43:15
130,Longyearbyen,78.2186,15.6401,15.8,67,40,5.75,SJ,2021-04-23 20:42:52
131,Atocha,-20.9333,-66.2333,52.0,14,0,22.06,BO,2021-04-23 20:43:16
132,Gander,48.9682,-54.5906,42.8,45,75,21.85,CA,2021-04-23 20:43:16
133,Khatanga,71.9667,102.5,33.06,97,100,21.21,RU,2021-04-23 20:43:17
134,Aksu,41.1231,80.2644,50.99,43,0,6.46,CN,2021-04-23 20:43:18
135,Saint-Philippe,-21.3585,55.7679,77.0,73,75,5.75,RE,2021-04-23 20:43:18
136,De Aar,-30.6497,24.0123,63.39,28,0,5.08,ZA,2021-04-23 20:43:18
137,Havelock,34.8791,-76.9013,66.2,34,40,11.5,US,2021-04-23 20:43:19
138,Namibe,-15.1961,12.1522,78.69,77,1,6.58,AO,2021-04-23 20:43:19
139,Insar,53.8653,44.3738,49.59,77,91,6.08,RU,2021-04-23 20:43:19
140,Iqaluit,63.7506,-68.5145,28.4,93,90,3.44,CA,2021-04-23 20:43:20
141,Prainha,-1.8,-53.48,81.52,76,75,1.12,BR,2021-04-23 20:43:20
142,Ponta Do Sol,32.6667,-17.1,57.99,83,47,1.99,PT,2021-04-23 20:43:20
143,Bulgan,48.8125,103.5347,26.67,96,100,4.07,MN,2021-04-23 20:43:21
144,Mokhsogollokh,61.4681,128.9203,23.52,92,100,9.28,RU,2021-04-23 20:43:21
145,El Higo,21.7667,-98.4667,103.51,22,97,8.68,MX,2021-04-23 20:43:22
146,Tadine,-21.55,167.8833,77.04,79,97,9.22,NC,2021-04-23 20:43:22
147,Antalaha,-14.9003,50.2788,73.11,92,99,5.55,MG,2021-04-23 20:43:22
148,Cap Malheureux,-19.9842,57.6142,78.01,79,99,4.0,MU,2021-04-23 20:43:23
149,Gurupi,-11.7292,-49.0686,80.87,67,83,2.46,BR,2021-04-23 20:38:43
150,Mongo,12.1844,18.693,93.51,24,87,7.05,TD,2021-04-23 20:43:24
151,Tommot,58.9564,126.2925,23.7,82,100,10.89,RU,2021-04-23 20:43:24
152,Hof,50.3167,11.9167,39.99,66,13,1.01,DE,2021-04-23 20:43:25
153,Karratha,-20.7377,116.8463,75.24,26,0,9.89,AU,2021-04-23 20:43:25
154,Thompson,55.7435,-97.8558,26.6,54,90,13.8,CA,2021-04-23 20:41:05
155,San Ignacio,17.1561,-89.0714,95.0,41,40,4.61,BZ,2021-04-23 20:43:25
156,Matagami,49.7502,-77.6328,60.8,29,20,14.97,CA,2021-04-23 20:43:26
157,Atar,20.5169,-13.0499,83.19,11,0,5.44,MR,2021-04-23 20:43:26
158,Rodrigues Alves,-7.738,-72.6509,89.6,70,75,6.91,BR,2021-04-23 20:43:26
159,Cherskiy,68.75,161.3,20.75,94,100,7.4,RU,2021-04-23 20:43:27
160,Rutul,41.5357,47.4239,59.0,82,20,16.11,RU,2021-04-23 20:43:27
161,Rovnoye,50.7765,46.0509,49.59,78,96,2.13,RU,2021-04-23 20:43:28
162,Itoman,26.1247,127.6694,68.0,83,75,16.11,JP,2021-04-23 20:43:28
163,Galle,6.0367,80.217,80.78,81,43,6.69,LK,2021-04-23 20:43:28
164,Katsuura,35.1333,140.3,51.8,76,40,6.91,JP,2021-04-23 20:43:29
165,Toktogul,41.8708,72.9402,47.73,48,3,4.56,KG,2021-04-23 20:43:29
166,Algiers,36.7525,3.042,57.2,82,40,6.91,DZ,2021-04-23 20:43:29
167,Esperance,-33.8667,121.9,55.4,94,95,11.5,AU,2021-04-23 20:43:30
168,Vikarabad,17.3333,77.9,81.0,57,40,3.44,IN,2021-04-23 20:43:30
169,Severnyy,50.677,36.5532,46.4,100,75,6.71,RU,2021-04-23 20:43:31
170,At-Bashi,41.1702,75.8106,34.07,40,32,2.53,KG,2021-04-23 20:43:31
171,Saskylakh,71.9167,114.0833,33.58,96,100,18.95,RU,2021-04-23 20:43:32
172,Dudinka,69.4058,86.1778,31.64,97,100,19.06,RU,2021-04-23 20:42:04
173,Markala,13.7021,-6.0659,99.3,15,95,2.95,ML,2021-04-23 20:43:32
174,Panguna,-6.3164,155.4848,70.09,93,100,2.06,PG,2021-04-23 20:43:32
175,Tautira,-17.7333,-149.15,84.2,65,75,4.61,PF,2021-04-23 20:43:33
176,Castro,-24.7911,-50.0119,59.77,72,6,3.67,BR,2021-04-23 20:43:33
177,Soe,-9.8607,124.284,62.98,92,9,3.83,ID,2021-04-23 20:43:33
178,Tuktoyaktuk,69.4541,-133.0374,14.0,67,75,11.5,CA,2021-04-23 20:43:34
179,Severo-Kurilsk,50.6789,156.125,35.67,93,99,7.76,RU,2021-04-23 20:43:34
180,Tecoanapa,16.5167,-98.75,86.45,51,100,11.21,MX,2021-04-23 20:43:34
181,Dingle,10.9995,122.6711,76.15,84,100,3.6,PH,2021-04-23 20:43:35
182,Damnagar,21.7,71.5167,83.12,44,54,10.83,IN,2021-04-23 20:43:35
183,Dawlatabad,36.4141,64.9053,61.88,25,7,2.86,AF,2021-04-23 20:43:36
184,Srednebelaya,50.6594,128.0106,26.6,46,20,4.47,RU,2021-04-23 20:43:38
185,Mahebourg,-20.4081,57.7,78.8,78,75,10.36,MU,2021-04-23 20:43:39
186,El Campo,29.1966,-96.2697,77.0,78,90,21.85,US,2021-04-23 20:41:56
187,Cidreira,-30.1811,-50.2056,70.61,77,1,17.85,BR,2021-04-23 20:43:40
188,Marrakesh,31.6315,-8.0083,71.6,43,40,10.36,MA,2021-04-23 20:43:40
189,Faanui,-16.4833,-151.75,80.53,74,73,10.96,PF,2021-04-23 20:43:41
190,Canavieiras,-15.675,-38.9472,76.86,80,38,5.32,BR,2021-04-23 20:43:41
191,Karla,59.3723,24.9275,36.0,80,0,16.11,EE,2021-04-23 20:43:42
192,Pinega,64.7001,43.3936,48.34,76,99,9.19,RU,2021-04-23 20:43:42
193,Coihaique,-45.5752,-72.0662,51.8,62,40,6.91,CL,2021-04-23 20:43:42
194,Broome,42.2506,-75.833,60.01,32,1,17.27,US,2021-04-23 20:43:43
195,High Rock,26.6208,-78.2833,80.6,61,75,12.66,BS,2021-04-23 20:43:43
196,Snezhnogorsk,69.1933,33.2531,32.0,74,75,6.71,RU,2021-04-23 20:43:44
197,Grand Gaube,-20.0064,57.6608,78.01,79,99,4.0,MU,2021-04-23 20:43:44
198,Atbasar,51.8,68.3333,38.97,49,100,12.55,KZ,2021-04-23 20:43:45
199,Christchurch,-43.5333,172.6333,57.99,71,29,3.44,NZ,2021-04-23 20:42:38
200,Sao Joao Da Barra,-21.6403,-41.0511,78.8,57,0,9.22,BR,2021-04-23 20:43:45
201,Paris,48.8534,2.3488,57.2,35,0,9.22,FR,2021-04-23 20:43:45
202,Wenatchee,47.4235,-120.3103,66.99,23,1,8.05,US,2021-04-23 20:43:46
203,Santa Marta,11.2408,-74.199,90.0,61,33,10.0,CO,2021-04-23 20:41:58
204,Teya,60.3778,92.6267,20.12,98,53,0.89,RU,2021-04-23 20:43:46
205,Kungurtug,50.5994,97.5228,27.1,95,100,2.64,RU,2021-04-23 20:43:47
206,Zyryanka,65.75,150.85,11.17,93,100,22.06,RU,2021-04-23 20:43:47
207,Mamit,23.9333,92.4833,63.5,54,41,3.36,IN,2021-04-23 20:43:48
208,Nome,64.5011,-165.4064,41.0,56,1,5.75,US,2021-04-23 20:43:48
209,Berlevag,70.8578,29.0864,30.2,74,20,8.05,NO,2021-04-23 20:43:48
210,Skibbereen,51.55,-9.2667,50.0,66,40,16.11,IE,2021-04-23 20:43:49
211,Bonthe,7.5264,-12.505,79.56,84,95,4.74,SL,2021-04-23 20:43:49
212,Northam,51.0333,-4.2167,50.0,48,100,16.31,GB,2021-04-23 20:43:49
213,Zima,53.9202,102.0442,32.99,57,100,7.4,RU,2021-04-23 20:43:50
214,Korla,41.7597,86.1469,44.55,61,45,10.83,CN,2021-04-23 20:43:50
215,Coquimbo,-29.9533,-71.3436,64.4,59,75,10.36,CL,2021-04-23 20:43:51
216,Nanortalik,60.1432,-45.2371,36.77,85,17,3.51,GL,2021-04-23 20:43:51
217,Zhigansk,66.7697,123.3711,4.73,93,43,6.62,RU,2021-04-23 20:43:52
218,Brigantine,39.4101,-74.3646,62.01,25,1,16.11,US,2021-04-23 20:43:52
219,Avarua,-21.2078,-159.775,82.4,74,75,16.11,CK,2021-04-23 20:43:52
220,Isangel,-19.55,169.2667,80.06,80,76,10.51,VU,2021-04-23 20:43:53
221,Taltal,-25.4,-70.4833,64.44,73,13,5.03,CL,2021-04-23 20:43:53
222,Bud,39.447,-86.1758,59.0,38,90,11.5,US,2021-04-23 20:43:53
223,Sechura,-5.5569,-80.8222,79.7,56,8,14.0,PE,2021-04-23 20:43:54
224,Port Lincoln,-34.7333,135.8667,58.75,75,74,3.8,AU,2021-04-23 20:43:54
225,Vardo,70.3705,31.1107,33.8,69,40,11.5,NO,2021-04-23 20:43:55
226,Raudeberg,61.9875,5.1352,35.01,85,67,13.31,NO,2021-04-23 20:43:55
227,Hanna,51.6334,-111.9018,36.0,33,46,5.99,CA,2021-04-23 20:43:55
228,Namatanai,-3.6667,152.4333,77.16,86,100,4.09,PG,2021-04-23 20:43:56
229,Saint-Pierre,-21.3393,55.4781,77.0,73,75,5.75,RE,2021-04-23 20:43:56
230,Fare,-16.7,-151.0167,79.74,75,63,10.8,PF,2021-04-23 20:43:57
231,Chuy,-33.6971,-53.4616,67.78,81,23,13.67,UY,2021-04-23 20:43:57
232,Maraa,-1.8333,-65.3667,82.31,85,70,2.01,BR,2021-04-23 20:43:57
233,Mareeba,-17.0,145.4333,75.2,78,100,12.66,AU,2021-04-23 20:43:58
234,Muros,42.7762,-9.0603,61.0,85,54,4.0,ES,2021-04-23 20:43:58
235,Kibala,9.1104,18.3463,80.6,65,20,6.91,TD,2021-04-23 20:43:58
236,Nenagh,52.8619,-8.1967,55.4,58,0,10.36,IE,2021-04-23 20:43:59
237,Kilindoni,-7.9139,39.6668,80.94,76,27,18.79,TZ,2021-04-23 20:43:59
238,Lompoc,34.6391,-120.4579,60.01,62,0,6.91,US,2021-04-23 20:40:00
239,Mpanda,-6.3655,31.0409,64.17,95,15,1.77,TZ,2021-04-23 20:44:00
240,Esmeralda,21.8525,-78.1169,89.6,40,40,13.8,CU,2021-04-23 20:44:00
241,Basoko,1.2391,23.616,72.68,95,97,2.42,CD,2021-04-23 20:44:00
242,Kloulklubed,7.0419,134.2556,75.2,94,75,6.76,PW,2021-04-23 20:44:01
243,Lagoa,39.05,-27.9833,57.81,74,10,33.64,PT,2021-04-23 20:44:01
244,Nokaneng,-19.6667,22.2667,65.21,34,0,6.85,BW,2021-04-23 20:44:02
245,Solnechnyy,50.7214,136.6319,30.31,79,75,5.35,RU,2021-04-23 20:44:02
246,Longyan,25.1072,117.0225,66.11,90,17,2.01,CN,2021-04-23 20:44:02
247,Ust-Kuyga,70.0167,135.6,0.21,99,100,4.36,RU,2021-04-23 20:44:03
248,Port Macquarie,-31.4333,152.9167,48.99,85,5,1.99,AU,2021-04-23 20:44:03
249,Mangochi,-14.4782,35.2645,67.48,77,12,5.84,MW,2021-04-23 20:44:03
250,Kununurra,-15.7667,128.7333,66.2,68,70,4.61,AU,2021-04-23 20:44:04
251,Torbay,47.6666,-52.7314,45.0,65,75,21.85,CA,2021-04-23 20:44:04
252,Grindavik,63.8424,-22.4338,46.4,87,90,19.57,IS,2021-04-23 20:44:05
253,Leningradskiy,69.3833,178.4167,28.04,85,100,1.3,RU,2021-04-23 20:44:05
254,Chokurdakh,70.6333,147.9167,-6.41,97,80,1.99,RU,2021-04-23 20:44:06
255,Bin Qirdan,33.1378,11.2197,62.26,79,11,11.16,TN,2021-04-23 20:44:06
256,Kjollefjord,70.9457,27.3465,30.2,69,20,4.61,NO,2021-04-23 20:44:06
257,Salinopolis,-0.6136,-47.3561,79.93,83,49,7.56,BR,2021-04-23 20:44:06
258,Mocuba,-16.8392,36.9856,66.45,97,0,2.28,MZ,2021-04-23 20:44:07
259,Albufeira,37.0882,-8.2503,64.4,94,20,10.36,PT,2021-04-23 20:39:24
260,Durango,24.8333,-104.8333,79.12,8,65,25.57,MX,2021-04-23 20:41:06
261,Kalmunai,7.4167,81.8167,80.06,80,3,1.68,LK,2021-04-23 20:44:08
262,Wasilla,61.5814,-149.4394,55.4,30,1,8.05,US,2021-04-23 20:44:09
263,Itupiranga,-5.1347,-49.3267,87.8,93,75,2.3,BR,2021-04-23 20:44:10
264,Bangkok,13.75,100.5167,84.0,89,20,4.61,TH,2021-04-23 20:39:31
265,Torbat-E Jam,35.244,60.6225,66.47,11,57,10.92,IR,2021-04-23 20:44:11
266,Bundaberg,-24.85,152.35,61.0,77,85,8.05,AU,2021-04-23 20:44:12
267,Ust-Koksa,50.2696,85.6108,22.62,91,100,2.55,RU,2021-04-23 20:44:12
268,Morehead,37.2711,-87.1764,60.8,44,90,11.5,US,2021-04-23 20:44:05
269,Half Moon Bay,37.4636,-122.4286,64.99,82,75,9.22,US,2021-04-23 20:44:13
270,Taber,49.8167,-112.1518,37.4,41,100,5.75,CA,2021-04-23 20:44:13
271,Verkhnyaya Inta,65.9811,60.3094,35.58,91,95,9.91,RU,2021-04-23 20:44:14
272,Handan,36.6006,114.4678,54.05,74,100,18.16,CN,2021-04-23 20:44:14
273,Kalispell,48.1958,-114.3129,41.0,56,90,3.44,US,2021-04-23 20:44:15
274,Riyadh,24.6877,46.7219,84.2,13,0,5.75,SA,2021-04-23 20:44:15
275,Hammerfest,70.6634,23.6821,32.0,69,75,10.36,NO,2021-04-23 20:44:15
276,Sorland,67.667,12.6934,33.8,75,40,13.8,NO,2021-04-23 20:44:17
277,Ahipara,-35.1667,173.1667,63.43,74,54,9.44,NZ,2021-04-23 20:44:17
278,Bom Jesus,-9.0744,-44.3586,80.96,63,47,2.39,BR,2021-04-23 20:44:18
279,Great Falls,47.5002,-111.3008,35.01,64,90,3.71,US,2021-04-23 20:42:00
280,Alindao,5.0267,21.2088,70.07,96,100,3.22,CF,2021-04-23 20:44:18
281,Jaca,42.569,-0.5499,51.01,74,98,4.54,ES,2021-04-23 20:44:19
282,Richards Bay,-28.783,32.0377,63.82,84,76,9.73,ZA,2021-04-23 20:44:19
283,Hithadhoo,-0.6,73.0833,81.91,74,8,7.45,MV,2021-04-23 20:44:19
284,Qorveh,35.1664,47.8045,56.28,35,80,2.01,IR,2021-04-23 20:41:31
285,Matay,28.419,30.7792,73.0,26,1,15.05,EG,2021-04-23 20:44:20
286,Sokoni,-6.4333,39.55,80.6,83,40,13.8,TZ,2021-04-23 20:44:20
287,Anzio,41.4853,12.6179,57.99,81,97,0.72,IT,2021-04-23 20:44:21
288,Malindi,-3.2175,40.1191,79.95,81,47,10.31,KE,2021-04-23 20:44:22
289,Svetlogorsk,52.6333,29.7333,36.0,83,67,8.19,BY,2021-04-23 20:44:22
290,Birin,26.8865,88.0718,59.49,35,0,5.95,NP,2021-04-23 20:44:22
291,Bengkulu,-3.8004,102.2655,73.83,89,87,3.49,ID,2021-04-23 20:41:14
292,Fairbanks,64.8378,-147.7164,53.6,32,1,9.22,US,2021-04-23 20:40:00
293,Itarema,-2.9248,-39.9167,79.7,79,28,11.79,BR,2021-04-23 20:44:23
294,Forestville,38.8451,-76.875,64.0,29,40,13.8,US,2021-04-23 20:39:30
295,Clayton,33.5335,-84.3666,70.0,30,75,9.22,US,2021-04-23 20:44:23
296,Pisco,-13.7,-76.2167,71.6,68,0,10.36,PE,2021-04-23 20:44:24
297,Daokou,35.5639,114.5058,53.92,75,100,18.92,CN,2021-04-23 20:44:24
298,Yangambi,0.8102,24.4336,70.93,98,100,2.19,CD,2021-04-23 20:44:25
299,Galesong,-5.3166,119.3661,73.4,100,20,3.44,ID,2021-04-23 20:44:25
300,Niquero,20.0431,-77.5828,84.36,64,18,12.48,CU,2021-04-23 20:44:25
301,Bandarbeyla,9.4942,50.8122,83.37,73,100,7.76,SO,2021-04-23 20:44:26
302,Yatou,37.15,122.3833,49.6,91,100,10.29,CN,2021-04-23 20:44:26
303,Srostki,52.4189,85.7022,25.02,96,75,2.62,RU,2021-04-23 20:44:26
304,Baoding,38.8511,115.4903,53.02,78,73,4.03,CN,2021-04-23 20:44:27
305,Moa,20.6569,-74.9403,82.51,66,5,12.93,CU,2021-04-23 20:44:27
306,Itanhaem,-24.1831,-46.7889,75.99,83,20,3.44,BR,2021-04-23 20:44:28
307,Naze,28.3667,129.4833,65.59,69,100,27.04,JP,2021-04-23 20:44:28
308,Victoria,22.2855,114.1577,79.0,83,14,1.01,HK,2021-04-23 20:43:21
309,Kaitangata,-46.2817,169.8464,51.01,83,21,5.01,NZ,2021-04-23 20:44:29
310,Straumen,63.8709,11.2999,37.0,86,75,10.36,NO,2021-04-23 20:44:29
311,Villarrica,-25.75,-56.4333,75.31,54,100,4.74,PY,2021-04-23 20:44:29
312,Kasane,-17.8167,25.15,66.51,50,64,1.66,BW,2021-04-23 20:44:30
313,Natal,-5.795,-35.2094,84.2,74,20,12.66,BR,2021-04-23 20:43:12
314,Mount Vernon,40.9126,-73.8371,64.0,19,20,21.85,US,2021-04-23 20:44:30
315,Omsukchan,62.5333,155.8,22.86,94,100,2.64,RU,2021-04-23 20:44:31
316,Leo,11.1,-2.1,93.04,24,98,5.21,BF,2021-04-23 20:44:31
317,Edd,13.9297,41.6925,86.74,61,1,13.13,ER,2021-04-23 20:44:31
318,Bow Island,49.8668,-111.3684,39.2,30,100,3.44,CA,2021-04-23 20:44:32
319,Tessalit,20.1986,1.0114,88.75,6,0,7.34,ML,2021-04-23 20:44:33
320,Afogados Da Ingazeira,-7.7508,-37.6392,81.14,47,66,5.19,BR,2021-04-23 20:44:33
321,Sambava,-14.2667,50.1667,74.16,90,100,8.01,MG,2021-04-23 20:44:34
322,Hirara,24.8,125.2833,72.23,74,96,23.44,JP,2021-04-23 20:44:34
323,Baturaja,-4.1333,104.1667,70.14,97,37,2.59,ID,2021-04-23 20:44:34
324,Bandar-E Lengeh,26.5579,54.8807,81.09,51,1,6.42,IR,2021-04-23 20:44:35
325,Opuwo,-18.0607,13.84,72.7,36,74,4.18,NA,2021-04-23 20:44:35
326,Whitehorse,60.7161,-135.0538,45.0,31,1,9.22,CA,2021-04-23 20:44:36
327,Helong,42.5397,128.9972,49.28,86,100,1.72,CN,2021-04-23 20:44:36
328,Ugoofaaru,5.6667,73.0,82.56,76,20,7.47,MV,2021-04-23 20:44:36
329,Portland,45.5234,-122.6762,61.0,47,90,6.91,US,2021-04-23 20:42:17
330,Port Blair,11.6667,92.75,80.83,73,100,7.47,IN,2021-04-23 20:44:37
331,Along,28.1667,94.7667,63.32,82,85,2.33,IN,2021-04-23 20:44:37
332,Shihezi,44.3,86.0333,35.51,67,97,7.31,CN,2021-04-23 20:44:38
333,Chama,47.1821,8.4636,51.8,54,0,5.75,CH,2021-04-23 20:44:39
334,Menongue,-14.6585,17.691,62.65,54,79,3.24,AO,2021-04-23 20:44:39
335,Wilhelmsburg,48.1057,15.6054,45.0,68,77,1.01,AT,2021-04-23 20:44:39
336,Saint-Joseph,-21.3667,55.6167,77.0,73,75,5.75,RE,2021-04-23 20:44:40
337,Valdivia,-39.8142,-73.2459,59.0,77,75,4.61,CL,2021-04-23 20:44:40
338,Nicoya,10.1483,-85.452,91.4,46,40,11.5,CR,2021-04-23 20:44:40
339,Rudnogorsk,57.2639,103.7519,19.63,97,67,3.15,RU,2021-04-23 20:44:40
340,Tiksi,71.6872,128.8694,4.64,98,97,7.18,RU,2021-04-23 20:44:41
341,Danville,36.586,-79.395,62.01,27,40,11.5,US,2021-04-23 20:44:41
342,Mehran,33.1222,46.1646,62.6,27,0,2.3,IR,2021-04-23 20:44:41
343,Jakar,27.5492,90.7525,44.13,81,43,2.48,BT,2021-04-23 20:44:42
344,Westport,41.1415,-73.3579,63.0,20,1,18.41,US,2021-04-23 20:44:42
345,Roald,62.5833,6.1333,35.01,93,40,3.44,NO,2021-04-23 20:44:42
346,Umea,63.8284,20.2597,35.6,75,90,17.27,SE,2021-04-23 20:44:43
347,Aswan,24.0934,32.907,86.95,9,0,12.21,EG,2021-04-23 20:40:37
348,Mbandaka,0.0487,18.2603,70.77,94,100,2.55,CD,2021-04-23 20:44:43
349,Waingapu,-9.6567,120.2641,74.46,82,1,6.06,ID,2021-04-23 20:44:44
350,Kahului,20.8947,-156.47,80.6,61,40,20.71,US,2021-04-23 20:44:44
351,Estevan,49.1334,-102.9842,37.4,28,1,6.91,CA,2021-04-23 20:44:44
352,Manfredonia,41.6259,15.9094,57.2,77,75,9.22,IT,2021-04-23 20:41:09
353,Maykor,59.0059,55.88,34.99,96,68,3.94,RU,2021-04-23 20:44:45
354,Beringovskiy,63.05,179.3167,25.57,82,99,7.47,RU,2021-04-23 20:44:45
355,Shakawe,-18.3667,21.85,63.59,41,1,5.61,BW,2021-04-23 20:44:46
356,Pafos,34.7667,32.4167,59.0,72,0,3.44,CY,2021-04-23 20:44:46
357,Port Said,31.2565,32.2841,64.4,88,0,11.5,EG,2021-04-23 20:44:46
358,Tarakan,3.3,117.6333,75.2,94,75,6.91,ID,2021-04-23 20:44:47
359,Hambantota,6.1241,81.1185,79.99,81,78,8.08,LK,2021-04-23 20:44:47
360,Abalak,58.1286,68.5944,43.07,59,100,8.14,RU,2021-04-23 20:44:47
361,Kohtla-Jarve,59.3986,27.2731,34.57,88,100,9.57,EE,2021-04-23 20:44:48
362,Iregszemcse,46.6929,18.1858,50.0,45,17,4.0,HU,2021-04-23 20:44:48
363,Asau,46.4333,26.4,37.0,66,42,3.0,RO,2021-04-23 20:44:48
364,Xuddur,4.1213,43.8894,76.87,73,98,1.21,SO,2021-04-23 20:44:49
365,Cabo San Lucas,22.8909,-109.9124,84.0,44,40,4.61,MX,2021-04-23 20:43:20
366,Cabedelo,-6.9811,-34.8339,80.6,89,40,11.5,BR,2021-04-23 20:44:49
367,Palmer,42.1584,-72.3287,60.8,20,20,17.27,US,2021-04-23 20:44:50
368,Mitsamiouli,-11.3847,43.2844,80.64,79,79,12.8,KM,2021-04-23 20:44:50
369,Serowe,-22.3833,26.7167,61.43,36,1,3.09,BW,2021-04-23 20:44:50
370,Haines Junction,60.7522,-137.5108,48.2,29,9,5.75,CA,2021-04-23 20:44:51
371,Inzer,54.2167,57.5556,44.11,94,100,4.38,RU,2021-04-23 20:44:51
372,Flinders,-34.5833,150.8552,48.99,80,86,1.01,AU,2021-04-23 20:44:52
373,Tura,25.5198,90.2201,72.41,33,87,3.38,IN,2021-04-23 20:44:52
374,Tateyama,34.9833,139.8667,51.8,76,40,6.91,JP,2021-04-23 20:44:52
375,Lom Sak,16.7798,101.2422,80.1,72,64,4.07,TH,2021-04-23 20:44:53
376,Cabo Rojo,18.0866,-67.1457,84.0,71,58,3.0,PR,2021-04-23 20:44:53
377,Peniche,39.3558,-9.3811,61.0,87,56,8.01,PT,2021-04-23 20:44:54
378,Padang,-0.9492,100.3543,75.94,84,100,4.16,ID,2021-04-23 20:44:55
379,Tiznit,29.5833,-9.5,60.78,62,63,6.24,MA,2021-04-23 20:44:55
380,Dakar,14.6937,-17.4441,69.8,88,75,13.8,SN,2021-04-23 20:40:03
381,Eyl,7.9803,49.8164,82.89,74,99,9.37,SO,2021-04-23 20:44:56
382,Boende,-0.2167,20.8667,71.91,96,100,1.5,CD,2021-04-23 20:44:56
383,Churapcha,62.0025,132.4325,20.61,95,100,8.52,RU,2021-04-23 20:44:57
384,San Jeronimo,-11.9472,-75.2829,61.3,55,32,5.3,PE,2021-04-23 20:44:57
385,Ust-Nera,64.5667,143.2,6.82,96,99,2.93,RU,2021-04-23 20:44:58
386,Sur,22.5667,59.5289,86.25,33,0,16.89,OM,2021-04-23 20:44:58
387,Queenstown,-31.8976,26.8753,50.68,89,38,2.3,ZA,2021-04-23 20:44:58
388,Coromandel,-18.4733,-47.2003,69.98,36,0,3.02,BR,2021-04-23 20:44:59
389,Nador,35.174,-2.9287,62.6,82,90,13.8,MA,2021-04-23 20:44:59
390,Elhovo,42.1667,26.5667,57.2,77,75,3.76,BG,2021-04-23 20:44:59
391,Kiruna,67.8557,20.2251,26.6,80,20,10.36,SE,2021-04-23 20:45:00
392,Bushehr,28.9684,50.8385,75.2,60,99,3.09,IR,2021-04-23 20:45:00
393,Najran,17.4924,44.1277,80.6,16,0,4.61,SA,2021-04-23 20:45:00
394,Rocha,-34.4833,-54.3333,66.52,83,1,9.73,UY,2021-04-23 20:45:01
395,Pangnirtung,66.1451,-65.7125,26.6,86,75,2.3,CA,2021-04-23 20:45:01
396,Chumikan,54.7183,135.315,29.7,83,36,15.84,RU,2021-04-23 20:45:02
397,Orlik,52.5178,99.825,23.9,86,100,3.24,RU,2021-04-23 20:45:02
398,Gaoua,10.2992,-3.2508,88.57,38,89,8.63,BF,2021-04-23 20:45:03
399,Lewistown,40.5992,-77.5714,60.01,38,100,11.01,US,2021-04-23 20:45:03
400,Sao Jose Da Coroa Grande,-8.8978,-35.1478,79.25,79,7,7.2,BR,2021-04-23 20:45:04
401,Cairns,-16.9167,145.7667,75.2,78,100,12.66,AU,2021-04-23 20:45:04
402,Bulungu,-4.55,18.6,71.6,97,100,4.79,CD,2021-04-23 20:45:04
403,Vestmannaeyjar,63.4427,-20.2734,46.26,87,100,20.36,IS,2021-04-23 20:45:05
404,Wladyslawowo,54.7909,18.4009,37.0,60,0,1.14,PL,2021-04-23 20:45:05
405,Bairiki,1.3292,172.9752,82.4,83,40,2.3,KI,2021-04-23 20:45:05
406,Kedrovyy,56.1667,91.8167,30.2,47,0,2.24,RU,2021-04-23 20:45:06
407,Catamarca,-28.4696,-65.7852,75.0,75,12,1.99,AR,2021-04-23 20:45:06
408,Makakilo City,21.3469,-158.0858,82.4,47,75,10.36,US,2021-04-23 20:45:07
409,Chapais,49.7834,-74.8492,50.0,25,1,18.41,CA,2021-04-23 20:45:07
410,Soyo,-6.1349,12.3689,79.11,87,94,3.69,AO,2021-04-23 20:45:07
411,Arlit,18.7369,7.3853,89.2,7,38,11.65,NE,2021-04-23 20:45:08
412,Pizarro,4.9533,-77.366,82.94,72,81,9.71,CO,2021-04-23 20:45:08
413,Boyolangu,-8.1181,111.8935,72.54,88,5,0.38,ID,2021-04-23 20:45:09
414,Anloga,5.7947,0.8973,84.2,84,20,11.5,GH,2021-04-23 20:45:09
415,Zhangye,38.9342,100.4517,38.39,87,100,5.73,CN,2021-04-23 20:45:10
416,Sakakah,29.9697,40.2064,78.8,11,0,9.22,SA,2021-04-23 20:45:10
417,Geraldton,-28.7667,114.6,59.0,88,90,6.91,AU,2021-04-23 20:45:11
418,Asosa,10.0667,34.5333,66.56,69,78,4.52,ET,2021-04-23 20:45:11
419,Igrim,63.1906,64.4162,39.47,92,65,5.93,RU,2021-04-23 20:45:12
420,Xacmaz,41.4635,48.806,51.85,73,1,5.95,AZ,2021-04-23 20:45:12
421,Belaya Gora,68.5333,146.4167,4.89,97,97,3.98,RU,2021-04-23 20:45:13
422,Chenzhou,25.8,113.0333,70.54,93,1,1.83,CN,2021-04-23 20:42:03
423,Srednekolymsk,67.45,153.6833,9.63,94,100,17.02,RU,2021-04-23 20:45:13
424,Port Hueneme,34.1478,-119.1951,66.2,63,75,6.91,US,2021-04-23 20:42:54
425,Adrar,20.5022,-10.0711,83.97,8,0,7.74,MR,2021-04-23 20:45:14
426,Lima,-12.0432,-77.0282,70.0,77,40,9.22,PE,2021-04-23 20:44:00
427,Abha,18.2164,42.5053,64.4,77,0,4.61,SA,2021-04-23 20:45:14
428,Ocos,14.5094,-92.1933,91.4,58,75,10.36,GT,2021-04-23 20:45:15
429,Evensk,61.95,159.2333,28.96,97,100,5.68,RU,2021-04-23 20:45:15
430,Rincon,32.296,-81.2354,71.01,37,40,11.32,US,2021-04-23 20:43:33
431,Lumeje,-11.55,20.7833,68.47,65,75,4.03,AO,2021-04-23 20:45:16
432,Poso,-1.3959,120.7524,78.01,80,100,4.03,ID,2021-04-23 20:45:16
433,Gawler,-34.6,138.7333,55.0,81,72,1.99,AU,2021-04-23 20:45:17
434,Imeni Poliny Osipenko,52.4201,136.4853,31.64,68,34,1.88,RU,2021-04-23 20:45:17
435,Krasnyy Yar,46.5331,48.3456,48.2,76,0,4.47,RU,2021-04-23 20:45:17
436,San Cristobal,7.7669,-72.225,89.6,58,40,9.22,VE,2021-04-23 20:45:18
437,Wickede,51.4833,7.8667,48.2,49,0,2.44,DE,2021-04-23 20:45:18
438,Juliaca,-15.5,-70.1333,60.8,31,75,10.36,PE,2021-04-23 20:45:19
439,Voznesenskoye,54.89,42.7569,44.69,85,18,7.16,RU,2021-04-23 20:45:19
440,Atambua,-9.1061,124.8925,70.79,86,37,4.54,ID,2021-04-23 20:45:19
441,Ribeira Grande,38.5167,-28.7,59.0,72,40,28.77,PT,2021-04-23 20:45:20
442,Enshi,30.3,109.4833,62.17,97,100,4.21,CN,2021-04-23 20:45:20
443,Kakonko,-3.2828,30.9642,63.36,96,38,2.44,TZ,2021-04-23 20:45:21
444,Saint-Augustin,51.226,-58.6502,33.24,86,100,13.47,CA,2021-04-23 20:45:21
445,Perelyub,51.8667,50.3667,45.43,94,100,9.62,RU,2021-04-23 20:45:21
446,Constitucion,-35.3333,-72.4167,60.96,64,0,9.86,CL,2021-04-23 20:45:22
447,Dicabisagan,17.0818,122.4157,74.21,87,11,4.21,PH,2021-04-23 20:45:22
448,Mahon,39.8885,4.2658,55.4,88,0,5.75,ES,2021-04-23 20:43:03
449,Hasaki,35.7333,140.8333,46.4,87,20,3.44,JP,2021-04-23 20:45:22
450,Hami,42.8,93.45,45.48,26,35,11.05,CN,2021-04-23 20:45:23
451,Ustupo,9.1333,-77.9333,82.6,75,100,12.55,PA,2021-04-23 20:45:23
452,Laredo,27.5064,-99.5075,93.2,38,1,6.91,US,2021-04-23 20:45:23
453,Rehoboth,-23.3167,17.0833,65.34,37,53,0.31,NA,2021-04-23 20:45:24
454,Laguna,38.421,-121.4238,72.0,45,1,11.5,US,2021-04-23 20:45:24
455,Praxedis Guerrero,31.3667,-106.0167,75.0,8,1,16.11,MX,2021-04-23 20:45:25
456,Beyneu,45.3167,55.2,52.11,74,18,16.08,KZ,2021-04-23 20:45:25
457,Mae Chan,20.1467,99.8526,80.01,78,20,2.3,TH,2021-04-23 20:45:25
458,Occhiobello,44.9207,11.5802,55.99,71,0,3.89,IT,2021-04-23 20:45:26
459,Alta Floresta,-9.8756,-56.0861,78.8,94,75,1.14,BR,2021-04-23 20:45:26
460,Saint George,37.1041,-113.5841,80.01,10,1,17.27,US,2021-04-23 20:41:13
461,Channel-Port Aux Basques,47.5702,-59.1367,33.44,97,100,16.13,CA,2021-04-23 20:45:07
462,Mwandiga,-4.83,29.6581,71.6,94,20,3.83,TZ,2021-04-23 20:45:27
463,Moree,-29.4667,149.85,44.6,87,24,9.22,AU,2021-04-23 20:45:27
464,Miles City,46.4083,-105.8406,37.4,52,90,3.44,US,2021-04-23 20:45:28
465,Porto Santo,33.072,-16.3415,66.2,63,75,14.97,PT,2021-04-23 20:45:28
466,Sibu,2.3,111.8167,75.2,94,40,1.14,MY,2021-04-23 20:45:28
467,Udachnyy,66.4167,112.4,21.15,87,96,8.5,RU,2021-04-23 20:45:29
468,Brainerd,46.358,-94.2008,51.8,58,90,5.75,US,2021-04-23 20:45:29
469,Kroonstad,-27.6504,27.2349,57.43,35,71,2.64,ZA,2021-04-23 20:45:29
470,Omboue,-1.5746,9.2618,78.21,89,92,5.86,GA,2021-04-23 20:45:30
471,Tabou,4.423,-7.3528,81.48,82,98,8.7,CI,2021-04-23 20:45:30
472,Bilibino,68.0546,166.4372,18.23,87,100,4.07,RU,2021-04-23 20:45:31
473,Kavieng,-2.5744,150.7967,79.48,81,100,6.11,PG,2021-04-23 20:45:31
474,Skjervoy,70.0311,20.9714,35.6,69,75,3.44,NO,2021-04-23 20:45:32
475,Nhulunbuy,-12.2333,136.7667,80.6,57,95,11.5,AU,2021-04-23 20:45:32
476,Linfen,36.0889,111.5189,59.5,55,100,9.48,CN,2021-04-23 20:45:32
477,Maceio,-9.6658,-35.7353,80.6,78,20,10.36,BR,2021-04-23 20:41:50
478,Novopskov,49.5464,39.0899,51.22,72,100,9.51,UA,2021-04-23 20:45:33
479,Kamaishi,39.2667,141.8833,48.83,65,5,2.77,JP,2021-04-23 20:45:33
480,Pacific Grove,36.6177,-121.9166,62.01,55,40,12.66,US,2021-04-23 20:45:33
481,Besancon,47.2488,6.0182,44.01,55,6,6.46,FR,2021-04-23 20:45:34
482,Barraute,48.4335,-77.6328,62.01,29,20,11.5,CA,2021-04-23 20:45:34
483,Viterbo,42.4167,12.0833,55.99,57,4,5.32,IT,2021-04-23 20:45:35
484,Houston,29.7633,-95.3633,75.99,88,90,28.77,US,2021-04-23 20:45:15
485,Syracuse,37.0881,15.2792,59.0,100,75,3.44,IT,2021-04-23 20:45:35
486,Sola,-13.8833,167.55,83.44,71,98,17.02,VU,2021-04-23 20:45:36
487,Dargaville,-35.9333,173.8833,63.16,76,34,9.28,NZ,2021-04-23 20:45:36
488,Kenai,60.5544,-151.2583,51.8,40,1,8.05,US,2021-04-23 20:45:36
489,Ixtapa,20.7,-105.2,84.2,61,1,11.5,MX,2021-04-23 20:45:37
490,The Valley,18.217,-63.0578,86.0,65,20,12.66,AI,2021-04-23 20:45:37
491,Meulaboh,4.1363,96.1285,76.93,85,100,2.75,ID,2021-04-23 20:45:37
492,Kishanganj,26.1167,87.9333,76.96,25,0,2.95,IN,2021-04-23 20:45:38
493,Oranjemund,-28.55,16.4333,61.27,88,56,5.41,NA,2021-04-23 20:45:38
494,Hamilton,39.1834,-84.5333,60.01,41,75,8.05,US,2021-04-23 20:45:33
495,Katangli,51.7102,143.2326,29.39,96,100,10.22,RU,2021-04-23 20:45:39
496,Dunedin,-45.8742,170.5036,55.99,91,55,1.01,NZ,2021-04-23 20:45:39
497,Lorengau,-2.0226,147.2712,79.88,77,93,3.85,PG,2021-04-23 20:45:39
498,Arrifes,37.7667,-25.7,59.0,72,40,17.27,PT,2021-04-23 20:45:39
499,Gladstone,-23.85,151.25,66.2,63,98,5.75,AU,2021-04-23 20:45:09
500,Baghdad,33.3406,44.4009,78.8,27,0,6.91,IQ,2021-04-23 20:43:14
501,Lavumisa,-27.31,31.892,59.76,90,87,3.02,SZ,2021-04-23 20:45:40
502,Vanavara,60.34,102.2797,29.28,95,100,0.63,RU,2021-04-23 20:45:40
503,Galveston,29.3669,-94.9669,75.2,83,90,19.57,US,2021-04-23 20:45:41
504,Kyzyl-Suu,42.3414,78.0056,32.97,44,3,9.1,KG,2021-04-23 20:45:42
505,Cozmesti,46.8833,27.9833,44.6,76,0,1.14,RO,2021-04-23 20:45:42
506,Katherine,-14.4667,132.2667,62.6,59,63,8.05,AU,2021-04-23 20:45:42
507,Den Helder,52.9599,4.7593,44.01,81,90,5.75,NL,2021-04-23 20:45:43
508,Chipinge,-20.1883,32.6236,56.7,91,0,4.0,ZW,2021-04-23 20:45:43
509,Kismayo,-0.3582,42.5454,81.9,77,100,10.58,SO,2021-04-23 20:45:43
510,Paka,4.6374,103.4368,75.2,94,100,2.3,MY,2021-04-23 20:45:44
511,Kyaikkami,16.08,97.5675,83.03,77,100,8.39,MM,2021-04-23 20:45:44
512,Fukue,32.6881,128.8419,64.6,78,97,11.14,JP,2021-04-23 20:45:44
513,Ibra,22.6906,58.5334,77.4,32,0,2.59,OM,2021-04-23 20:45:45
514,Te Anau,-45.4167,167.7167,45.64,87,64,2.62,NZ,2021-04-23 20:45:45
515,Sinazongwe,-17.2614,27.4618,71.2,55,1,3.2,ZM,2021-04-23 20:45:45
516,Belmonte,-15.8631,-38.8828,80.6,65,0,8.05,BR,2021-04-23 20:45:46
517,Morant Bay,17.8815,-76.4093,84.0,74,40,19.57,JM,2021-04-23 20:45:46
518,Nikki,9.9401,3.2108,81.54,59,100,6.96,BJ,2021-04-23 20:45:47
519,Plettenberg Bay,-34.0527,23.3716,62.04,90,5,7.25,ZA,2021-04-23 20:45:47
520,Loikaw,19.6742,97.2094,72.27,74,11,2.89,MM,2021-04-23 20:45:48
521,Hovd,48.0056,91.6419,30.16,48,0,3.22,MN,2021-04-23 20:45:48
522,Vao,-22.6667,167.4833,75.56,77,97,12.86,NC,2021-04-23 20:45:48
523,Ringebu,61.5167,10.1667,20.48,87,9,6.31,NO,2021-04-23 20:45:48
524,Jega,12.2175,4.3792,95.16,26,71,8.43,NG,2021-04-23 20:45:49
525,Mount Isa,-20.7333,139.5,66.2,27,24,14.97,AU,2021-04-23 20:45:50
526,Kuytun,54.3419,101.5036,30.72,66,100,7.7,RU,2021-04-23 20:45:51
527,Deniliquin,-35.5333,144.9667,45.0,87,74,3.44,AU,2021-04-23 20:45:51
528,Bukama,-9.2,25.85,73.78,74,74,1.77,CD,2021-04-23 20:45:52
529,Karatau,43.1667,70.4667,37.42,49,100,4.41,KZ,2021-04-23 20:45:52
530,Porto De Moz,-1.7483,-52.2383,81.66,79,98,1.45,BR,2021-04-23 20:45:52
531,Praia,14.9215,-23.5087,71.6,68,20,18.41,CV,2021-04-23 20:45:53
532,Naklo Nad Notecia,53.1421,17.6018,37.99,55,0,9.22,PL,2021-04-23 20:45:53
533,Janakkala,60.9,24.6,34.0,91,100,1.01,FI,2021-04-23 20:45:53
534,Arenapolis,-14.4503,-56.8461,83.66,57,49,2.01,BR,2021-04-23 20:45:54
535,Magdagachi,53.45,125.8,29.73,52,48,8.37,RU,2021-04-23 20:45:54
536,Darhan,49.4867,105.9228,33.76,81,100,4.74,MN,2021-04-23 20:45:55
537,Finnsnes,69.2296,17.9811,30.2,74,40,8.05,NO,2021-04-23 20:45:55
538,Minab,27.1467,57.0801,82.4,61,95,6.91,IR,2021-04-23 20:45:56
539,Rio Grande,-32.035,-52.0986,77.0,57,20,18.41,BR,2021-04-23 20:45:56
540,Port Hardy,50.6996,-127.4199,51.8,71,75,4.61,CA,2021-04-23 20:42:13
541,Kichera,55.9375,110.0997,23.04,77,88,6.53,RU,2021-04-23 20:45:56
542,Iquitos,-3.7481,-73.2472,87.8,66,75,3.44,PE,2021-04-23 20:45:01
543,La Ronge,55.1001,-105.2842,28.4,40,100,10.36,CA,2021-04-23 20:45:57
544,Bathsheba,13.2167,-59.5167,84.2,54,40,18.41,BB,2021-04-23 20:45:57
545,Ranong,9.9658,98.6348,79.74,85,98,6.33,TH,2021-04-23 20:45:58
546,Zabol,32.25,67.25,59.94,10,0,7.18,AF,2021-04-23 20:45:58
547,Sungairaya,0.7,108.9,77.81,81,45,5.57,ID,2021-04-23 20:45:58
548,Calmar,53.2668,-113.8187,37.4,22,42,2.3,CA,2021-04-23 20:45:59
549,Asfi,32.2994,-9.2372,64.63,86,78,5.64,MA,2021-04-23 20:45:59
550,Cairo,30.0626,31.2497,66.2,72,0,12.66,EG,2021-04-23 20:46:00
551,Okoneshnikovo,54.8377,75.0834,33.98,63,3,4.74,RU,2021-04-23 20:46:00
552,Fortuna,40.5982,-124.1573,61.0,76,1,12.66,US,2021-04-23 20:46:00
553,La Palma,33.8464,-118.0467,66.2,68,75,10.36,US,2021-04-23 20:46:01
554,Ostrovnoy,68.0531,39.5131,32.9,88,100,17.81,RU,2021-04-23 20:46:01
555,Manta,-0.95,-80.7333,80.6,78,75,6.91,EC,2021-04-23 20:46:02
556,Dengzhou,37.8086,120.7508,49.3,96,100,23.35,CN,2021-04-23 20:46:02
557,Allapalli,19.4167,80.0667,85.14,37,36,2.21,IN,2021-04-23 20:46:03
558,Sinjai,-5.1241,120.253,73.6,90,27,4.0,ID,2021-04-23 20:46:04
559,Avera,33.194,-82.5271,73.4,23,1,4.61,US,2021-04-23 20:46:04
560,Igarka,67.4667,86.5833,26.78,92,41,15.41,RU,2021-04-23 20:46:05
561,Buenos Aires,-34.6132,-58.3772,77.0,64,75,8.05,AR,2021-04-23 20:45:24
562,Uvat,59.1433,68.8953,45.27,66,100,8.86,RU,2021-04-23 20:46:05
563,Srandakan,-7.9386,110.2506,73.94,87,4,3.56,ID,2021-04-23 20:46:06
564,Quchan,37.106,58.5095,58.98,64,100,11.14,IR,2021-04-23 20:46:06
565,Dukat,62.55,155.55,21.33,94,100,2.33,RU,2021-04-23 20:46:06
566,Battle Creek,42.3212,-85.1797,60.8,27,40,17.27,US,2021-04-23 20:46:07
567,Lasa,46.6166,10.7002,62.6,49,0,5.75,IT,2021-04-23 20:46:07
568,Panaba,21.2833,-88.2667,94.98,27,51,15.46,MX,2021-04-23 20:46:07
569,Nizhniy Kuranakh,58.8353,125.4869,22.73,95,100,6.46,RU,2021-04-23 20:46:08
570,Banda Aceh,5.5577,95.3222,79.99,78,100,11.41,ID,2021-04-23 20:46:08
571,Kaduqli,11.0167,29.7167,88.72,32,51,1.72,SD,2021-04-23 20:46:09
572,Zlitan,32.4674,14.5687,62.87,87,99,23.15,LY,2021-04-23 20:46:09
573,Prince Rupert,54.3161,-130.3201,53.6,58,1,6.91,CA,2021-04-23 20:46:10
574,Kabin Buri,13.9511,101.7177,84.0,100,92,2.15,TH,2021-04-23 20:46:10
575,Molina,-35.1167,-71.2833,60.8,59,90,2.3,CL,2021-04-23 20:46:10
576,Luanda,-8.8368,13.2343,77.0,83,75,6.91,AO,2021-04-23 20:46:11
577,Phaltan,17.9833,74.4333,80.8,32,100,6.08,IN,2021-04-23 20:46:11
578,Atasu,48.6814,71.6433,34.95,34,35,6.93,KZ,2021-04-23 20:41:16
579,Abnub,27.2696,31.1511,75.2,31,0,11.5,EG,2021-04-23 20:46:12
580,Pedro Carbo,-1.8333,-80.2333,89.6,51,75,3.44,EC,2021-04-23 20:46:12
581,San Antonio,29.4241,-98.4936,80.01,78,75,8.05,US,2021-04-23 20:41:22
582,Taksimo,56.3444,114.8794,23.65,70,8,5.35,RU,2021-04-23 20:46:12
583,Shache,38.4167,77.2406,50.0,15,0,0.89,CN,2021-04-23 20:46:13
584,Bangolo,7.0069,-7.475,78.75,68,21,2.15,CI,2021-04-23 20:46:13
585,Nouadhibou,20.931,-17.0347,66.2,77,0,18.41,MR,2021-04-23 20:46:14
586,Sao Miguel Do Araguaia,-13.275,-50.1628,78.76,58,12,1.25,BR,2021-04-23 20:46:14
587,Peace River,56.2501,-117.286,37.4,28,75,6.91,CA,2021-04-23 20:42:50
588,Corleone,37.8134,13.3017,57.99,99,57,5.08,IT,2021-04-23 20:46:15
589,Kalabo,-14.97,22.6814,70.2,46,25,4.52,ZM,2021-04-23 20:46:15
590,Strezhevoy,60.7333,77.5889,35.6,51,0,8.95,RU,2021-04-23 20:46:15
591,Gat,31.61,34.7642,66.0,100,69,4.68,IL,2021-04-23 20:46:16
592,Jardanhaza,48.15,20.25,39.2,71,11,0.54,HU,2021-04-23 20:46:16
593,Jalu,29.0331,21.5482,78.93,14,0,11.74,LY,2021-04-23 20:46:16
594,Boa Vista,2.8197,-60.6733,71.6,94,75,12.66,BR,2021-04-23 20:46:17
595,Sangar,63.9242,127.4739,13.24,97,99,3.76,RU,2021-04-23 20:46:17
596,Paamiut,61.994,-49.6678,33.44,77,1,2.06,GL,2021-04-23 20:46:18
597,Usogorsk,63.4106,48.6872,48.13,76,100,7.58,RU,2021-04-23 20:46:18
598,Kuryk,43.2,51.65,53.15,82,2,7.29,KZ,2021-04-23 20:46:19
599,Dhamtari,20.7072,81.5497,80.31,21,9,4.43,IN,2021-04-23 20:46:20
600,Livadiya,42.8692,132.6764,48.25,53,100,5.14,RU,2021-04-23 20:46:20
601,Pak Phanang,8.3511,100.202,78.96,86,100,7.0,TH,2021-04-23 20:46:20
602,Joshimath,30.5667,79.5667,47.21,80,96,2.8,IN,2021-04-23 20:46:21
603,Snyder,32.7179,-100.9176,84.2,8,1,18.41,US,2021-04-23 20:46:21
604,Guadalupe,25.6833,-100.25,89.6,40,75,8.05,MX,2021-04-23 20:46:22
605,Whyalla,-33.0333,137.5833,51.8,87,40,4.61,AU,2021-04-23 20:46:22
606,Makat,47.6469,53.3463,50.05,76,26,11.01,KZ,2021-04-23 20:46:22
607,Masuguru,-11.3667,38.4167,70.23,94,34,2.3,TZ,2021-04-23 20:46:23
608,Alice Springs,-23.7,133.8833,44.6,76,0,7.25,AU,2021-04-23 20:42:21
609,Smoky Lake,54.1169,-112.4686,37.4,41,100,13.8,CA,2021-04-23 20:46:23
610,Ketchikan,55.3422,-131.6461,53.6,43,1,10.36,US,2021-04-23 20:46:24
611,Bowen,-20.0167,148.2333,66.2,100,90,6.91,AU,2021-04-23 20:46:24
612,Causwagan,8.4475,125.8403,72.0,99,98,1.52,PH,2021-04-23 20:46:25
613,Kieta,-6.2167,155.6333,78.91,83,99,1.07,PG,2021-04-23 20:46:25
614,Karatsu,33.4425,129.9697,62.01,50,48,1.88,JP,2021-04-23 20:46:26
615,Punta Alta,-38.8759,-62.0736,66.34,70,100,4.63,AR,2021-04-23 20:46:26
616,Mackenzie,55.2999,-123.1698,44.6,39,75,5.75,CA,2021-04-23 20:46:26
617,Kashi,39.4547,75.9797,53.6,10,0,6.71,CN,2021-04-23 20:46:27
618,Byron Bay,-28.65,153.6167,52.0,93,1,6.22,AU,2021-04-23 20:46:27
619,Buala,-8.145,159.5921,81.54,74,14,2.51,SB,2021-04-23 20:46:27
620,Leshan,29.5623,103.7639,68.13,92,100,3.96,CN,2021-04-23 20:46:28
621,Kirakira,-10.4544,161.9205,81.59,78,54,4.14,SB,2021-04-23 20:46:28
622,Coahuayana,18.7333,-103.6833,87.8,25,1,11.5,MX,2021-04-23 20:46:28
623,Ambilobe,-13.2,49.05,73.38,82,93,4.12,MG,2021-04-23 20:46:29
624,Kemin,42.7846,75.6892,38.77,42,76,3.89,KG,2021-04-23 20:46:29
625,Mana,5.6592,-53.7767,78.4,87,100,11.61,GF,2021-04-23 20:46:29
626,Ulaangom,49.9811,92.0667,31.91,66,86,3.11,MN,2021-04-23 20:46:30
627,Montepuez,-13.1256,38.9997,69.85,83,86,6.2,MZ,2021-04-23 20:46:30
628,Burnie,-41.0667,145.9167,48.0,95,85,1.99,AU,2021-04-23 20:46:30
629,Oxapampa,-10.5775,-75.4017,66.09,90,59,2.55,PE,2021-04-23 20:46:31
630,Gravdal,68.1214,13.5031,33.8,75,40,13.8,NO,2021-04-23 20:46:31
631,Araouane,18.9048,-3.5265,90.16,9,0,5.03,ML,2021-04-23 20:46:31
632,Manokwari,-0.8667,134.0833,78.58,80,100,2.04,ID,2021-04-23 20:46:32
633,Svetlyy,54.675,20.1347,37.99,86,0,6.71,RU,2021-04-23 20:46:32
634,Calvinia,-31.4707,19.776,65.3,41,0,3.33,ZA,2021-04-23 20:46:33
635,Tatawin,32.9297,10.4518,66.2,52,15,10.36,TN,2021-04-23 20:41:44
636,Meaford,44.6001,-80.583,55.4,53,17,2.3,CA,2021-04-23 20:46:33
637,Manono,-7.3,27.4167,71.04,82,58,4.36,CD,2021-04-23 20:46:34
638,Kavaratti,10.5669,72.642,83.44,73,14,8.16,IN,2021-04-23 20:46:34
639,Novikovo,51.1537,37.8879,49.15,86,93,9.26,RU,2021-04-23 20:46:35
640,Kewanee,41.2456,-89.9248,55.0,45,100,8.01,US,2021-04-23 20:46:35
641,Aitape,-3.1374,142.3475,78.84,80,100,2.24,PG,2021-04-23 20:46:36
642,Iisalmi,63.5592,27.1907,33.8,100,90,4.61,FI,2021-04-23 20:46:36
643,Amet,25.3,73.9333,77.88,35,32,5.61,IN,2021-04-23 20:46:36
644,Sobolevo,54.4299,31.8996,36.57,76,68,5.14,RU,2021-04-23 20:46:37
645,Goderich,43.7501,-81.7165,55.4,47,14,9.22,CA,2021-04-23 20:46:37
646,Iskateley,67.6803,53.1512,31.8,89,80,8.37,RU,2021-04-23 20:46:38
647,Bemidji,47.4736,-94.8803,39.99,81,90,8.05,US,2021-04-23 20:46:38
648,Bella Vista,36.4295,-94.2316,66.2,68,90,11.5,US,2021-04-23 20:46:38
649,Bitkine,11.9801,18.2138,92.68,22,100,7.4,TD,2021-04-23 20:46:39
650,Samfya,-11.3649,29.5565,68.45,76,96,9.73,ZM,2021-04-23 20:46:39
651,Sri Aman,1.2376,111.4621,75.2,100,54,0.85,MY,2021-04-23 20:46:40
652,Charyshskoye,51.3978,83.5598,25.3,87,46,3.89,RU,2021-04-23 20:46:40
653,Kropotkin,45.4375,40.5756,53.53,66,100,3.56,RU,2021-04-23 20:46:40
654,Maniitsoq,65.4167,-52.9,34.99,75,12,1.88,GL,2021-04-23 20:46:41
655,Manggar,-2.8833,108.2667,80.73,77,20,7.65,ID,2021-04-23 20:46:41
656,Litovko,49.2361,135.1742,39.52,86,100,6.96,RU,2021-04-23 20:46:41
657,Linden,6.0,-58.3,77.0,94,90,9.22,GY,2021-04-23 20:45:09
658,Taraz,42.9,71.3667,37.4,81,44,8.95,KZ,2021-04-23 20:46:42
659,Tucurui,-3.7661,-49.6725,78.51,88,78,1.81,BR,2021-04-23 20:43:07
660,Abu Zabad,12.35,29.25,88.45,23,6,4.9,SD,2021-04-23 20:46:42
661,Zhanaozen,43.3,52.8,53.24,63,1,9.51,KZ,2021-04-23 20:46:43
662,Severobaykalsk,55.65,109.3167,21.52,79,99,6.2,RU,2021-04-23 20:46:43
663,Necochea,-38.5473,-58.7368,64.0,92,100,3.51,AR,2021-04-23 20:46:43
664,Thinadhoo,0.5333,72.9333,82.29,68,10,8.39,MV,2021-04-23 20:46:44
665,Daigo,36.7667,140.35,42.8,75,40,4.61,JP,2021-04-23 20:46:45
666,Visnes,59.3556,5.2242,42.8,65,75,20.71,NO,2021-04-23 20:46:45
667,Yulara,-25.2406,130.9889,53.6,62,0,8.05,AU,2021-04-23 20:46:46
668,Itainopolis,-7.4469,-41.4783,84.74,55,97,3.62,BR,2021-04-23 20:46:46
669,Aripuana,-9.1667,-60.6333,78.66,92,95,1.05,BR,2021-04-23 20:46:47
670,Hare Bay,48.8499,-54.0148,44.6,45,48,13.8,CA,2021-04-23 20:46:47
671,Hit,33.6416,42.8251,79.54,14,85,10.25,IQ,2021-04-23 20:46:48
672,Hobyo,5.3505,48.5268,83.59,65,59,10.4,SO,2021-04-23 20:46:48
673,Shiloh,38.5614,-89.8973,59.0,62,75,13.8,US,2021-04-23 20:46:49
674,Hellvik,59.9156,5.781,41.0,70,75,10.36,NO,2021-04-23 20:46:49
675,Oum Hadjer,13.2954,19.6966,92.08,12,87,6.8,TD,2021-04-23 20:46:54
676,Yamada,39.4667,141.95,47.52,59,6,3.89,JP,2021-04-23 20:46:55
677,Siquijor,9.2142,123.515,81.34,75,100,14.45,PH,2021-04-23 20:46:55
678,Glendive,47.1053,-104.7125,42.01,41,75,10.36,US,2021-04-23 20:46:55
679,Nizwa,22.9333,57.5333,79.84,19,2,3.0,OM,2021-04-23 20:46:56
680,Rawson,-43.3002,-65.1023,60.28,52,2,23.35,AR,2021-04-23 20:46:56
681,Fort-Shevchenko,44.5086,50.263,53.85,83,0,8.7,KZ,2021-04-23 20:46:56
682,Blackfoot,43.1905,-112.345,57.99,30,40,10.36,US,2021-04-23 20:46:57
683,Liseleje,56.0053,11.9483,44.01,100,99,13.98,DK,2021-04-23 20:46:57
684,Prachuap Khiri Khan,12.2167,99.75,75.85,80,100,5.84,TH,2021-04-23 20:46:57
685,Morgan City,29.6994,-91.2068,75.0,78,90,16.11,US,2021-04-23 20:46:58
686,Tomakomai,42.6369,141.6033,42.01,87,75,8.05,JP,2021-04-23 20:46:58
687,Tynda,55.1667,124.7167,23.49,81,24,8.14,RU,2021-04-23 20:46:58
688,Umm Bab,25.2142,50.8072,86.0,39,1,4.61,QA,2021-04-23 20:46:59
689,Cartagena Del Chaira,1.3349,-74.8429,83.53,70,96,2.77,CO,2021-04-23 20:46:59
690,Tahta,26.7693,31.5021,84.2,14,0,11.5,EG,2021-04-23 20:46:59
691,Wanning,18.8003,110.3967,76.89,89,24,8.77,CN,2021-04-23 20:47:00
692,Jasper,37.2001,-94.3502,66.2,59,40,13.8,US,2021-04-23 20:47:01
693,Carutapera,-1.195,-46.02,78.04,90,82,5.46,BR,2021-04-23 20:47:01
